id,firstName,lastName,birthDay,date
1,Ingar,Bunnell,12/24/2022,20/03/2023
2,Abrahan,Prior,1/14/2023,21/03/2023
3,Willa,Benedicte,5/31/2022,22/03/2023
4,Micah,Grinishin,5/30/2022,23/03/2023
5,Hasty,Cicchillo,6/28/2022,24/03/2023
6,Datha,Cleator,8/26/2022,25/03/2023
7,Gray,Wadsworth,02/04/2023,26/03/2023
8,Vance,Ondrasek,11/14/2022,27/03/2023
9,Benoite,Bridgewood,9/23/2022,28/03/2023
10,Leonardo,Kemston,10/02/2022,29/03/2023
11,Nicol,Marishenko,12/25/2022,30/03/2023
12,Natalee,Confort,11/11/2022,31/03/2023
13,Hyacinthia,Abbate,11/05/2022,01/04/2023
14,Sada,Crocombe,05/07/2022,02/04/2023
15,Sylvester,Ayerst,05/09/2022,03/04/2023
16,Herculie,Alcott,12/27/2022,04/04/2023
17,Rhonda,Woodyear,12/02/2022,05/04/2023
18,Ware,Ccomini,10/25/2022,06/04/2023
19,Modestine,Cunniffe,03/07/2023,07/04/2023
20,Axel,Stillert,7/16/2022,08/04/2023
21,Paule,Syme,04/11/2022,09/04/2023
22,Florri,Chess,10/08/2022,10/04/2023
23,Cobbie,Northcott,8/29/2022,11/04/2023
24,Diahann,Adnett,01/02/2023,12/04/2023
25,Avrom,Gudgion,3/18/2023,13/04/2023
26,Merrily,Jory,10/30/2022,14/04/2023
27,Rosabella,Franklyn,10/27/2022,15/04/2023
28,Friedrick,Schanke,11/09/2022,16/04/2023
29,Briana,Blum,8/20/2022,17/04/2023
30,Parnell,Mitchenson,09/12/2022,18/04/2023
31,Evaleen,Pitkins,1/18/2023,19/04/2023
32,Elisabet,Gorner,1/25/2023,20/04/2023
33,Egbert,Megroff,8/17/2022,21/04/2023
34,Mellie,Ellingsworth,09/11/2022,22/04/2023
35,Arleyne,Goodlet,9/28/2022,23/04/2023
36,Laurence,Axelbee,7/16/2022,24/04/2023
37,Erny,Warrilow,07/05/2022,25/04/2023
38,Darcie,Kubalek,11/26/2022,26/04/2023
39,Celesta,McGonigle,08/02/2022,27/04/2023
40,Natividad,Evett,01/01/2023,28/04/2023
41,Adoree,Ventom,1/29/2023,29/04/2023
42,Reginauld,Katte,6/26/2022,30/04/2023
43,Humphrey,Jodlkowski,7/23/2022,01/05/2023
44,Orson,Brankley,11/08/2022,02/05/2023
45,Bradly,Wallington,02/01/2023,03/05/2023
46,Itch,Kester,7/30/2022,04/05/2023
47,Shep,Vaun,12/22/2022,05/05/2023
48,Dougie,Utterson,7/24/2022,06/05/2023
49,Jerad,Stalf,12/20/2022,07/05/2023
50,Thorndike,Greenroa,09/07/2022,08/05/2023
51,Kahlil,Hefford,1/31/2023,09/05/2023
52,Bernita,Stoakes,1/26/2023,10/05/2023
53,Brad,Paoletto,2/18/2023,11/05/2023
54,Zelig,Laydon,3/31/2022,12/05/2023
55,Yetty,Pesterfield,5/19/2022,13/05/2023
56,Hartwell,Jumont,7/30/2022,14/05/2023
57,Dinnie,Graben,12/04/2022,15/05/2023
58,Hubert,Kleinbaum,9/28/2022,16/05/2023
59,Fanya,O'Leahy,10/30/2022,17/05/2023
60,Isa,Pilipyak,10/22/2022,18/05/2023
61,Thebault,Pavese,4/13/2022,19/05/2023
62,Doralia,Dart,9/14/2022,20/05/2023
63,Bronson,Lippiello,12/16/2022,21/05/2023
64,Cesaro,Caltera,3/27/2022,22/05/2023
65,Nance,Bamling,2/28/2023,23/05/2023
66,Billy,Coney,5/30/2022,24/05/2023
67,Rolland,Sambidge,9/23/2022,25/05/2023
68,Maisie,Dossantos,9/22/2022,26/05/2023
69,Jarvis,Chase,07/08/2022,27/05/2023
70,Xerxes,Tuff,10/23/2022,28/05/2023
71,Jeanette,Meere,4/15/2022,29/05/2023
72,Joaquin,Shadbolt,03/06/2023,30/05/2023
73,Romy,Kobelt,6/22/2022,31/05/2023
74,Rochella,Coburn,08/04/2022,01/06/2023
75,Mil,Clother,9/24/2022,02/06/2023
76,Wallache,Satterly,5/17/2022,03/06/2023
77,Ophelia,O'Kuddyhy,9/22/2022,04/06/2023
78,Emmett,Lantiffe,12/15/2022,05/06/2023
79,Tiffie,Huc,2/27/2023,06/06/2023
80,Philbert,Lutzmann,11/30/2022,07/06/2023
81,Lynnet,Bineham,08/08/2022,08/06/2023
82,Alene,Matyashev,2/28/2023,09/06/2023
83,Caspar,McCoid,5/19/2022,10/06/2023
84,Bret,Aasaf,04/03/2022,11/06/2023
85,Alvira,Rosenvasser,3/25/2022,12/06/2023
86,Rosella,Greenacre,12/11/2022,13/06/2023
87,Averil,Lomb,3/23/2022,14/06/2023
88,Erastus,Prestwich,5/15/2022,15/06/2023
89,Audrie,Billison,9/18/2022,16/06/2023
90,Ofelia,Catley,6/17/2022,17/06/2023
91,Valene,Churchward,06/02/2022,18/06/2023
92,Judith,Olphert,07/03/2022,19/06/2023
93,Ofelia,Nann,2/21/2023,20/06/2023
94,Georgeanna,Battershall,01/04/2023,21/06/2023
95,Datha,Gebby,10/20/2022,22/06/2023
96,Earvin,Itschakov,1/17/2023,23/06/2023
97,Bianca,Donaho,3/21/2022,24/06/2023
98,Talia,Heathwood,09/11/2022,25/06/2023
99,Rockwell,Orwell,4/24/2022,26/06/2023
100,Aleen,Cordeix,09/09/2022,27/06/2023
